fire_id,x,y,cause,season,iteration,area_ha,perimeter_m,dur_min
0,-115.7539173676919,51.20955513518642,Lightning,Summer,0,128.27806774411815,13600.578903798181,480.0
